event;id
"{\"recordingFacts\":[2025,2,12,9,7,2,842656800],\"userId\":3}";afad
"{\"recordingFacts\":[2025,2,12,9,19,31,911196100],\"userId\":3}";0b9e
"{\"recordingFacts\":[2025,2,12,9,19,31,911196100],\"userId\":3}";5813
"{\"recordingFacts\":[2025,2,12,9,19,31,911196100],\"userId\":3}";3bae
"{\"recordingFacts\":[2025,2,12,9,19,31,911196100],\"userId\":3}";c565
"{\"recordingFacts\":[2025,2,12,9,19,31,911196100],\"userId\":3}";0be2
"{\"recordingFacts\":[2025,2,12,9,19,31,911196100],\"userId\":3}";ad62
"{\"recordingFacts\":[2025,2,12,9,19,31,911196100],\"userId\":3}";3649
"{\"recordingFacts\":[2025,2,12,9,19,31,911196100],\"userId\":3}";4700
"{\"recordingFacts\":[2025,2,12,9,19,31,911196100],\"userId\":3}";1a45
"{\"recordingFacts\":[2025,2,12,9,19,31,911196100],\"userId\":3}";41a6
"{\"recordingFacts\":\"2025-02-12T09:27:45.469756800\",\"userId\":3}";4855
"{\"recordingFacts\":\"2025-02-12T09:27:45.469756800\",\"userId\":3}";3e14
"{\"recordingFacts\":\"2025-02-12T09:27:45.469756800\",\"userId\":3}";28ce
"{\"recordingFacts\":\"2025-02-12T09:27:45.469756800\",\"userId\":3}";8a5b
"{\"recordingFacts\":\"2025-02-12T09:27:45.469756800\",\"userId\":3}";ea84
"{\"recordingFacts\":\"2025-02-12T09:27:45.469756800\",\"userId\":3}";6656
"{\"recordingFacts\":\"2025-02-12T09:27:45.469756800\",\"userId\":3}";ac1b
"{\"recordingFacts\":\"2025-02-12T09:27:45.469756800\",\"userId\":3}";b5f5
"{\"recordingFacts\":\"2025-02-12T09:27:45.469756800\",\"userId\":3}";ec8c
"{\"recordingFacts\":\"2025-02-12T09:27:45.469756800\",\"userId\":3}";d978
